<?xml version="1.0" encoding="utf-8"?>
<familyset>
    <family>
        <nameset>
            <name>sans-serif</name>
            <name>arial</name>
            <name>helvetica</name>
            <name>tahoma</name>
            <name>verdana</name>
        </nameset>
        <fileset>
            <file>Roboto-Regular.ttf</file>
            <file>Roboto-Bold.ttf</file>
            <file>Roboto-Italic.ttf</file>
            <file>Roboto-BoldItalic.ttf</file>
        </fileset>
    </family>
    
    <family>
        <nameset>
            <name>sans-serif-light</name>
        </nameset>
        <fileset>
            <file>Roboto-Light.ttf</file>
            <file>Roboto-LightItalic.ttf</file>
        </fileset>
    </family>
    
    <family>
        <nameset>
            <name>sans-serif-thin</name>
        </nameset>
        <fileset>
            <file>Roboto-Thin.ttf</file>
            <file>Roboto-ThinItalic.ttf</file>
        </fileset>
    </family>
    
   <family>
        <nameset>
            <name>sans-serif-condensed</name>
        </nameset>
        <fileset>
            <file>RobotoCondensed-Regular.ttf</file>
            <file>RobotoCondensed-Italic.ttf</file>
            <file>RobotoCondensed-Bold.ttf</file>
            <file>RobotoCondensed-BoldItalic.ttf</file>
        </fileset>
    </family>
</familyset>
